{"cameraMode":{"drawMode":0,"name":"Shaded","section":"Shading Mode"},"sceneLighting":false,"audioPlay":false,"sceneViewState":{"m_AlwaysRefresh":true,"showFog":true,"showSkybox":false,"showFlares":true,"showImageEffects":true,"showParticleSystems":true,"showVisualEffectGraphs":true,"m_FxEnabled":true},"in2DMode":false,"pivot":{"x":-0.0000010728836059570313,"y":0.6465959548950195,"z":2.384185791015625e-7},"rotation":{"x":-0.19540730118751527,"y":0.5677027702331543,"z":-0.1409212052822113,"w":-0.7872154116630554},"size":2.5865073204040529,"orthographic":false}